{
  "dataset_name": "Houseware Market Dataset",
  "report_code": "RC3620",
  "source_report_url": "https://www.nextmsc.com/report/houseware-market-rc3620",
  "created_on": "2025-12-04",
  "fields": {
    "id": "Unique row identifier (int)",
    "year": "Year of observation (YYYY)",
    "region": "Geographic region",
    "segment": "Product segment",
    "company": "Company name (if applicable)",
    "metric": "Metric type (Market Size, CAGR, Revenue, etc.)",
    "value": "Numeric value",
    "unit": "Unit of the numeric value (e.g., USD Million, %)",
    "source": "Original source or note"
  },
  "notes": "This dataset currently contains sample/placeholder rows. Replace with validated data from the source report or primary references before publishing."
}